date_time,Unnamed: 0,ask,bid,ask_volume,bid_volume
2021-01-03 22:00:00.040,0,1.22411,1.22396,0.75,7.33
2021-01-03 22:00:00.144,1,1.2241,1.22395,0.75,7.33
2021-01-03 22:00:00.434,2,1.22411,1.22393,0.75,0.75
2021-01-03 22:00:00.738,3,1.2241,1.22393,0.37,0.75
2021-01-03 22:00:00.933,4,1.22409,1.22392,0.75,0.37
2021-01-03 22:00:01.034,5,1.22409,1.2239,0.75,0.75
2021-01-03 22:00:01.423,6,1.22409,1.22389,0.75,0.75
2021-01-03 22:00:01.753,7,1.22408,1.22388,0.75,1.12
2021-01-03 22:00:01.854,8,1.22407,1.22387,0.75,0.37
2021-01-03 22:00:03.424,9,1.22407,1.2239,0.75,0.75
2021-01-03 22:00:05.937,10,1.22393,1.22377,0.75,1.5
2021-01-03 22:00:06.038,11,1.22404,1.22395,7.5,0.37
2021-01-03 22:00:06.142,12,1.22407,1.22395,0.75,0.37
2021-01-03 22:00:07.566,13,1.22407,1.2239,0.75,0.75
2021-01-03 22:00:07.617,14,1.22395,1.22377,0.75,1.5
2021-01-03 22:00:07.718,15,1.22407,1.22395,0.75,0.37
2021-01-03 22:00:09.042,16,1.22407,1.2239,0.75,0.75
2021-01-03 22:00:09.142,17,1.22394,1.22373,0.75,0.75
2021-01-03 22:00:09.193,18,1.22397,1.22395,0.37,0.37
2021-01-03 22:00:09.243,19,1.22407,1.22395,0.75,0.37
2021-01-03 22:00:31.855,20,1.22408,1.22395,1.12,0.37
2021-01-03 22:00:32.760,21,1.22407,1.22395,0.75,0.37
2021-01-03 22:00:44.427,22,1.22396,1.22385,0.75,0.75
2021-01-03 22:00:44.528,23,1.22406,1.22395,0.75,1.12
2021-01-03 22:00:56.397,24,1.22396,1.22387,0.75,0.37
2021-01-03 22:00:56.447,25,1.22396,1.22385,0.75,0.75
2021-01-03 22:00:56.498,26,1.22397,1.22395,0.37,1.12
2021-01-03 22:00:56.549,27,1.22406,1.22395,0.75,1.12
2021-01-03 22:01:20.522,28,1.22396,1.22387,0.75,0.37
2021-01-03 22:01:20.572,29,1.22396,1.22385,0.75,6.73
2021-01-03 22:01:20.623,30,1.22406,1.22395,0.75,1.12
2021-01-03 22:01:23.137,31,1.22396,1.2239,0.75,5.98
2021-01-03 22:01:23.238,32,1.22397,1.22395,0.37,1.12
2021-01-03 22:01:23.289,33,1.22406,1.22395,0.75,1.12
2021-01-03 22:01:42.162,34,1.22407,1.22399,0.37,0.37
2021-01-03 22:01:42.213,35,1.22421,1.2242,9.02,0.75
2021-01-03 22:01:42.264,36,1.22426,1.2242,7.5,0.75
2021-01-03 22:01:42.465,37,1.22432,1.2242,0.75,0.75
2021-01-03 22:01:44.077,38,1.22427,1.22415,0.75,0.75
2021-01-03 22:01:59.407,39,1.22422,1.22415,0.75,0.75
2021-01-03 22:01:59.457,40,1.22416,1.22406,0.75,0.37
2021-01-03 22:01:59.508,41,1.22416,1.22396,0.75,0.37
2021-01-03 22:01:59.662,42,1.22416,1.22395,0.75,0.75
2021-01-03 22:02:25.218,43,1.22416,1.22396,0.75,0.37
2021-01-03 22:02:26.466,44,1.22416,1.22395,0.75,1.12
2021-01-03 22:02:28.852,45,1.22412,1.22395,0.75,0.37
2021-01-03 22:02:28.903,46,1.22412,1.22392,0.75,6.36
2021-01-03 22:02:29.375,47,1.22412,1.22391,0.75,0.75
2021-01-03 22:02:33.720,48,1.22412,1.22392,0.75,0.37
2021-01-03 22:02:38.716,49,1.22412,1.22398,0.75,5.98
2021-01-03 22:02:40.867,50,1.22412,1.22392,0.75,0.37
2021-01-03 22:02:47.933,51,1.22412,1.22391,0.75,0.75
2021-01-03 22:02:50.211,52,1.22403,1.2239,0.75,0.37
2021-01-03 22:02:50.349,53,1.22403,1.22391,0.75,7.5
2021-01-03 22:02:50.515,54,1.22403,1.22382,0.75,0.75
2021-01-03 22:03:09.687,55,1.22404,1.22383,0.75,0.75
2021-01-03 22:03:22.044,56,1.22404,1.22396,0.75,0.75
2021-01-03 22:03:33.426,57,1.22405,1.22396,0.75,0.75
2021-01-03 22:03:38.072,58,1.22391,1.22384,0.75,0.75
2021-01-03 22:03:38.123,59,1.2239,1.22379,0.75,0.37
2021-01-03 22:03:38.224,60,1.22389,1.22379,0.75,0.75
2021-01-03 22:03:41.371,61,1.2239,1.22376,0.75,0.75
2021-01-03 22:03:48.661,62,1.22389,1.22376,9.02,0.75
2021-01-03 22:03:48.770,63,1.22388,1.22376,9.02,0.75
2021-01-03 22:03:49.168,64,1.2239,1.22376,0.75,0.75
2021-01-03 22:03:51.716,65,1.22387,1.22376,9.02,0.75
2021-01-03 22:03:52.605,66,1.2239,1.22376,0.75,0.75
2021-01-03 22:03:53.654,67,1.2239,1.22378,0.75,0.75
2021-01-03 22:03:58.721,68,1.22388,1.22378,9.02,0.75
2021-01-03 22:04:00.457,69,1.2239,1.22378,0.75,0.75
2021-01-03 22:04:03.716,70,1.22389,1.22378,9.02,0.75
2021-01-03 22:04:06.605,71,1.2239,1.22378,0.75,0.75
2021-01-03 22:04:12.185,72,1.2239,1.22371,9.02,1.5
2021-01-03 22:04:14.270,73,1.2239,1.22384,9.77,0.19
2021-01-03 22:04:14.656,74,1.22389,1.22384,9.02,0.19
2021-01-03 22:04:16.270,75,1.22389,1.22385,9.77,0.19
2021-01-03 22:04:35.635,76,1.22391,1.22384,1.5,0.19
2021-01-03 22:04:50.842,77,1.22373,1.22367,0.75,5.98
2021-01-03 22:04:50.893,78,1.22348,1.22303,0.75,0.75
2021-01-03 22:04:50.943,79,1.22348,1.2231,0.75,5.98
2021-01-03 22:04:51.044,80,1.22348,1.22303,0.75,0.75
2021-01-03 22:04:51.387,81,1.22348,1.22296,0.75,0.75
2021-01-03 22:04:52.047,82,1.22336,1.22296,9.02,0.75
2021-01-03 22:04:52.327,83,1.22336,1.22301,9.02,0.75
2021-01-03 22:04:54.097,84,1.22348,1.22301,0.75,0.75
2021-01-03 22:04:54.464,85,1.22348,1.223,0.75,0.37
2021-01-03 22:04:54.515,86,1.22348,1.22296,0.75,0.75
2021-01-03 22:04:55.780,87,1.22347,1.22301,0.75,0.37
2021-01-03 22:04:55.906,88,1.22348,1.22301,0.75,0.75
2021-01-03 22:04:57.072,89,1.22348,1.22296,0.75,0.75
2021-01-03 22:04:58.422,90,1.2236,1.22347,0.75,0.75
2021-01-03 22:05:05.434,91,1.2236,1.22347,0.75,0.75
2021-01-03 22:05:07.303,92,1.22346,1.22317,0.75,0.75
2021-01-03 22:05:10.958,93,1.22353,1.22337,0.75,0.75
2021-01-03 22:05:11.298,94,1.22354,1.22337,1.12,0.75
2021-01-03 22:05:12.071,95,1.22354,1.22337,0.75,0.75
2021-01-03 22:05:16.208,96,1.22353,1.22329,0.75,0.19
2021-01-03 22:05:16.258,97,1.22346,1.22328,0.75,0.19
2021-01-03 22:05:16.309,98,1.22346,1.22319,0.75,0.19
2021-01-03 22:05:23.913,99,1.22347,1.22319,0.37,0.19
2021-01-03 22:05:23.964,100,1.22354,1.22328,1.5,0.19
2021-01-03 22:05:25.987,101,1.22354,1.22327,1.5,0.75
2021-01-03 22:05:27.381,102,1.22354,1.22329,1.5,0.19
2021-01-03 22:05:28.849,103,1.22356,1.22337,0.75,0.19
2021-01-03 22:06:06.277,104,1.22345,1.22325,0.75,7.5
2021-01-03 22:06:06.518,105,1.22346,1.22322,0.75,0.19
2021-01-03 22:06:06.619,106,1.22346,1.22319,0.75,0.19
2021-01-03 22:06:08.651,107,1.22349,1.2232,0.75,0.19
2021-01-03 22:06:10.274,108,1.22351,1.22319,0.37,0.19
2021-01-03 22:06:10.325,109,1.22355,1.22319,0.75,0.19
2021-01-03 22:06:12.810,110,1.22357,1.22319,0.75,0.19
2021-01-03 22:06:14.146,111,1.22359,1.22319,0.75,0.19
2021-01-03 22:06:21.742,112,1.22359,1.22319,0.75,0.19
2021-01-03 22:06:30.302,113,1.22359,1.22312,0.75,0.75
2021-01-03 22:06:36.268,114,1.22359,1.22319,0.75,0.19
2021-01-03 22:06:50.007,115,1.2236,1.22319,0.75,0.19
2021-01-03 22:06:50.842,116,1.2236,1.22319,0.75,0.19
2021-01-03 22:06:52.673,117,1.22359,1.22319,0.75,0.19
2021-01-03 22:06:53.775,118,1.2236,1.22319,0.75,0.19
2021-01-03 22:07:00.077,119,1.2236,1.22313,0.75,0.75
2021-01-03 22:08:07.421,120,1.22348,1.22298,0.075,0.75
2021-01-03 22:08:07.523,121,1.22354,1.22307,0.075,0.75
2021-01-03 22:08:10.127,122,1.22364,1.22301,0.075,0.075
2021-01-03 22:08:39.559,123,1.22364,1.2231,0.075,7.5
2021-01-03 22:08:39.816,124,1.22364,1.22301,0.075,0.075
2021-01-03 22:08:42.476,125,1.22365,1.22302,0.075,0.075
2021-01-03 22:08:59.532,126,1.2239,1.22303,1.5,0.94
2021-01-03 22:09:14.804,127,1.22404,1.22321,0.75,0.19
2021-01-03 22:09:44.702,128,1.22361,1.22324,0.37,7.5
2021-01-03 22:09:44.959,129,1.22361,1.22309,0.37,0.82
2021-01-03 22:09:47.132,130,1.22363,1.22309,0.37,0.82
2021-01-03 22:09:49.302,131,1.22363,1.22313,0.37,0.19
2021-01-03 22:09:50.850,132,1.22371,1.22321,1.12,0.19
2021-01-03 22:09:56.324,133,1.22371,1.22321,1.12,0.19
2021-01-03 22:09:59.477,134,1.2237,1.22322,1.12,0.19
2021-01-03 22:10:50.762,135,1.22371,1.2231,0.75,0.1
2021-01-03 22:10:51.545,136,1.22371,1.22309,0.82,0.75
2021-01-03 22:10:51.787,137,1.22371,1.2231,0.75,0.1
2021-01-03 22:11:26.440,138,1.22371,1.22319,0.75,0.1
2021-01-03 22:11:42.995,139,1.22371,1.22317,0.75,0.1
2021-01-03 22:12:14.515,140,1.22371,1.22315,0.75,0.37
2021-01-03 22:12:18.329,141,1.22343,1.22318,0.75,0.75
2021-01-03 22:12:31.856,142,1.22342,1.22315,0.75,0.75
2021-01-03 22:15:01.398,143,1.22342,1.22324,0.75,0.19
2021-01-03 22:15:01.601,144,1.22343,1.22324,0.75,0.19
2021-01-03 22:15:02.070,145,1.22342,1.22324,0.75,0.19
2021-01-03 22:15:06.627,146,1.22342,1.22338,0.75,0.75
2021-01-03 22:15:06.678,147,1.22352,1.22342,7.5,0.94
2021-01-03 22:15:06.730,148,1.22353,1.22343,7.5,0.75
2021-01-03 22:15:06.781,149,1.22353,1.22341,7.5,0.94
2021-01-03 22:15:06.909,150,1.22358,1.22341,9.02,0.94
2021-01-03 22:15:07.196,151,1.22359,1.22341,1.69,0.94
2021-01-03 22:15:07.602,152,1.22357,1.22342,9.02,0.94
2021-01-03 22:15:08.673,153,1.22341,1.22331,0.75,7.5
2021-01-03 22:15:08.724,154,1.22358,1.22336,2.44,0.94
2021-01-03 22:15:10.738,155,1.22356,1.22341,9.02,0.94
2021-01-03 22:15:12.361,156,1.22359,1.22341,11.45,0.94
2021-01-03 22:15:13.067,157,1.22353,1.22341,9.02,0.94
2021-01-03 22:15:13.678,158,1.22359,1.22341,2.44,0.94
2021-01-03 22:15:17.284,159,1.22358,1.22341,0.75,0.94
2021-01-03 22:15:19.102,160,1.22359,1.22354,9.02,0.75
2021-01-03 22:15:19.204,161,1.22368,1.22354,7.5,0.75
2021-01-03 22:15:19.356,162,1.22376,1.22354,0.75,0.75
2021-01-03 22:15:25.893,163,1.22376,1.22358,0.75,0.19
2021-01-03 22:16:05.855,164,1.22376,1.22355,0.75,0.94
2021-01-03 22:16:13.010,165,1.22374,1.22355,0.75,0.94
2021-01-03 22:16:26.993,166,1.22374,1.22359,0.75,0.19
2021-01-03 22:16:29.110,167,1.22374,1.22355,0.75,0.19
2021-01-03 22:16:29.594,168,1.22374,1.22358,0.75,5.98
2021-01-03 22:16:33.683,169,1.22374,1.22355,0.75,0.19
2021-01-03 22:16:42.719,170,1.22374,1.2236,0.75,0.19
2021-01-03 22:16:50.520,171,1.22374,1.22355,0.75,0.19
2021-01-03 22:16:55.250,172,1.22374,1.22352,0.75,0.75
2021-01-03 22:17:02.941,173,1.22374,1.22357,0.75,0.94
2021-01-03 22:17:07.211,174,1.22374,1.22358,0.75,5.98
2021-01-03 22:17:08.145,175,1.22373,1.22358,0.75,0.94
2021-01-03 22:17:08.944,176,1.22374,1.22358,0.75,5.98
2021-01-03 22:17:09.045,177,1.22374,1.22357,0.75,0.94
2021-01-03 22:17:11.795,178,1.22374,1.2236,0.75,5.98
2021-01-03 22:17:12.152,179,1.22374,1.22359,0.75,5.98
2021-01-03 22:17:13.418,180,1.22374,1.22357,0.75,0.94
2021-01-03 22:17:20.848,181,1.22374,1.22361,0.75,5.98
2021-01-03 22:17:28.992,182,1.22374,1.22357,0.75,0.75
2021-01-03 22:17:39.807,183,1.22374,1.22359,0.75,5.98
2021-01-03 22:17:39.908,184,1.22373,1.22358,0.75,1.69
2021-01-03 22:17:40.406,185,1.22374,1.22358,0.75,5.98
2021-01-03 22:17:42.861,186,1.22373,1.22358,0.75,1.69
2021-01-03 22:17:48.212,187,1.22374,1.22361,0.75,5.98
2021-01-03 22:17:48.313,188,1.22374,1.22359,0.75,5.98
2021-01-03 22:17:49.168,189,1.22374,1.22357,0.75,1.69
2021-01-03 22:17:49.809,190,1.22374,1.22355,0.75,0.37
2021-01-03 22:17:52.940,191,1.22373,1.22355,9.02,0.37
2021-01-03 22:17:53.057,192,1.22373,1.22356,0.75,0.37
2021-01-03 22:18:21.614,193,1.22374,1.22359,0.75,5.98
2021-01-03 22:18:21.716,194,1.22374,1.22355,0.75,1.12
2021-01-03 22:18:23.844,195,1.22374,1.22357,0.75,5.98
2021-01-03 22:18:27.587,196,1.22374,1.22355,0.75,1.12
2021-01-03 22:19:00.212,197,1.22374,1.22357,0.75,5.98
2021-01-03 22:19:00.288,198,1.22374,1.22355,0.75,1.12
2021-01-03 22:19:02.572,199,1.22374,1.22357,0.75,5.98
2021-01-03 22:19:03.282,200,1.22374,1.22355,0.75,1.12
2021-01-03 22:19:13.594,201,1.22374,1.22354,0.75,0.75
2021-01-03 22:19:17.752,202,1.22374,1.22355,0.75,0.42
2021-01-03 22:19:17.853,203,1.22374,1.22365,0.75,0.0375
2021-01-03 22:19:18.258,204,1.22374,1.22355,0.75,6.03
2021-01-03 22:19:22.838,205,1.22374,1.22365,0.75,0.0345
2021-01-03 22:19:36.854,206,1.22374,1.22356,0.75,7.55
2021-01-03 22:20:01.791,207,1.22366,1.22356,0.75,0.75
2021-01-03 22:20:01.842,208,1.22366,1.22353,0.75,1.5
2021-01-03 22:20:02.429,209,1.22366,1.22353,0.75,0.8
2021-01-03 22:20:06.471,210,1.2237,1.22353,0.75,1.5
2021-01-03 22:20:06.522,211,1.22361,1.22353,0.75,1.5
2021-01-03 22:20:17.184,212,1.22361,1.22355,0.75,0.75
2021-01-03 22:20:17.260,213,1.22361,1.22353,0.75,0.75
2021-01-03 22:20:17.773,214,1.22361,1.22354,0.75,0.8
2021-01-03 22:20:18.263,215,1.22361,1.22353,0.75,0.75
2021-01-03 22:20:23.180,216,1.22361,1.22355,0.75,0.37
2021-01-03 22:20:23.291,217,1.22361,1.22356,0.75,0.8
2021-01-03 22:20:23.496,218,1.2236,1.22354,0.75,0.75
2021-01-03 22:20:25.566,219,1.22361,1.22347,0.75,1.12
2021-01-03 22:20:31.464,220,1.22361,1.22356,0.75,0.75
2021-01-03 22:20:31.781,221,1.22355,1.22345,0.75,7.5
2021-01-03 22:20:31.832,222,1.22362,1.22347,0.75,0.37
2021-01-03 22:20:31.933,223,1.22362,1.22347,0.75,1.55
2021-01-03 22:20:32.353,224,1.22362,1.22347,0.75,1.55
2021-01-03 22:20:32.470,225,1.22362,1.22346,0.75,0.99
2021-01-03 22:20:32.808,226,1.22362,1.22351,0.75,0.8
2021-01-03 22:20:33.334,227,1.22361,1.22348,0.75,0.79
2021-01-03 22:20:40.362,228,1.22361,1.22347,9.02,0.79
2021-01-03 22:20:41.170,229,1.22362,1.22347,0.75,0.79
2021-01-03 22:20:43.091,230,1.2236,1.22348,0.75,0.79
2021-01-03 22:20:43.553,231,1.22359,1.22347,9.02,0.79
2021-01-03 22:20:46.313,232,1.2236,1.22348,0.75,0.79
2021-01-03 22:20:48.738,233,1.22361,1.2235,0.75,0.75
2021-01-03 22:20:49.217,234,1.22361,1.22348,0.75,1.55
2021-01-03 22:20:50.756,235,1.22361,1.22348,0.75,1.55
2021-01-03 22:20:54.365,236,1.22361,1.22355,0.75,0.8
2021-01-03 22:20:54.709,237,1.22363,1.22355,0.75,0.8
2021-01-03 22:21:12.391,238,1.22362,1.22348,0.75,7.5
2021-01-03 22:21:12.492,239,1.22361,1.22348,9.02,7.5
2021-01-03 22:21:12.644,240,1.2236,1.22348,9.02,0.37
2021-01-03 22:21:12.906,241,1.22358,1.22347,9.02,0.37
2021-01-03 22:21:14.236,242,1.22357,1.22347,9.02,0.37
2021-01-03 22:21:14.287,243,1.22362,1.22347,1.87,0.37
2021-01-03 22:21:16.015,244,1.22359,1.22347,9.02,0.37
2021-01-03 22:21:17.491,245,1.22358,1.22347,9.02,0.37
2021-01-03 22:21:18.230,246,1.22358,1.22346,9.02,0.75
2021-01-03 22:21:18.337,247,1.22358,1.22344,9.02,0.97
2021-01-03 22:21:18.739,248,1.22362,1.22343,1.87,0.97
2021-01-03 22:21:31.399,249,1.22362,1.22345,0.75,1.55
2021-01-03 22:21:31.685,250,1.22362,1.22345,10.89,0.8
2021-01-03 22:21:31.736,251,1.22361,1.22343,9.02,0.94
2021-01-03 22:21:35.772,252,1.22362,1.22343,1.87,0.94
2021-01-03 22:21:44.553,253,1.22359,1.22343,9.02,0.94
2021-01-03 22:21:49.439,254,1.22362,1.22343,1.87,0.75
2021-01-03 22:21:51.928,255,1.22361,1.22351,1.87,0.75
2021-01-03 22:21:52.433,256,1.22362,1.22348,1.87,0.75
2021-01-03 22:21:52.866,257,1.22362,1.22349,1.87,0.75
2021-01-03 22:21:56.992,258,1.22362,1.22345,0.75,0.8
2021-01-03 22:21:57.992,259,1.22361,1.22344,1.87,0.94
2021-01-03 22:21:58.094,260,1.22361,1.22343,9.02,0.94
2021-01-03 22:22:00.198,261,1.22362,1.22343,1.87,0.94
2021-01-03 22:22:01.299,262,1.22361,1.22343,9.02,0.94
2021-01-03 22:22:01.918,263,1.2236,1.22343,9.02,0.94
2021-01-03 22:22:02.477,264,1.22362,1.22343,1.87,0.94
2021-01-03 22:22:03.625,265,1.22362,1.22345,0.75,1.55
2021-01-03 22:22:03.995,266,1.22362,1.22344,1.87,0.75
2021-01-03 22:22:11.292,267,1.2236,1.22344,9.02,0.75
2021-01-03 22:22:12.990,268,1.22362,1.2235,1.87,0.75
2021-01-03 22:22:13.982,269,1.22362,1.22344,1.87,0.75
2021-01-03 22:22:24.232,270,1.22362,1.22345,0.75,1.5
2021-01-03 22:22:25.094,271,1.22362,1.22343,1.87,0.19
2021-01-03 22:22:27.717,272,1.22361,1.22343,9.02,0.19
2021-01-03 22:22:29.219,273,1.22361,1.22344,9.02,0.75
2021-01-03 22:22:29.407,274,1.22362,1.22344,1.87,0.75
2021-01-03 22:22:36.991,275,1.22362,1.22347,0.75,0.24
2021-01-03 22:22:37.990,276,1.22362,1.22343,1.87,0.79
2021-01-03 22:22:41.477,277,1.2236,1.22344,9.02,0.79
2021-01-03 22:22:47.494,278,1.22362,1.22343,1.87,1.54
2021-01-03 22:22:52.993,279,1.22362,1.22345,0.75,2.49
2021-01-03 22:22:53.994,280,1.22362,1.22346,1.87,0.19
2021-01-03 22:22:54.095,281,1.22358,1.22347,9.02,0.19
2021-01-03 22:22:54.556,282,1.22362,1.22346,1.87,0.19
2021-01-03 22:23:01.488,283,1.22361,1.22346,9.02,0.19
2021-01-03 22:23:03.382,284,1.22362,1.22346,1.87,0.19
2021-01-03 22:23:05.992,285,1.22362,1.22349,0.75,0.75
2021-01-03 22:23:06.796,286,1.22361,1.22349,9.02,0.75
2021-01-03 22:23:07.102,287,1.22362,1.22349,1.87,0.75
2021-01-03 22:23:30.280,288,1.22362,1.22347,0.75,1.12
2021-01-03 22:23:30.749,289,1.22362,1.22343,1.87,0.97
2021-01-03 22:23:35.188,290,1.22361,1.22343,9.02,0.97
2021-01-03 22:23:35.477,291,1.22362,1.22343,1.87,0.97
2021-01-03 22:23:37.232,292,1.22362,1.22346,1.87,0.75
2021-01-03 22:23:38.278,293,1.22362,1.22343,1.87,0.97
2021-01-03 22:23:51.280,294,1.22362,1.22348,0.75,0.22
2021-01-03 22:23:51.995,295,1.22362,1.22343,1.87,0.97
2021-01-03 22:23:55.219,296,1.2236,1.22344,9.02,0.97
2021-01-03 22:23:57.904,297,1.22362,1.22343,1.87,0.97
2021-01-03 22:24:03.278,298,1.22362,1.22344,1.87,1.12
2021-01-03 22:24:15.269,299,1.22362,1.22348,0.75,1.5
2021-01-03 22:24:20.282,300,1.22362,1.22344,1.87,0.75
2021-01-03 22:24:23.628,301,1.22362,1.22343,10.89,0.94
2021-01-03 22:24:26.063,302,1.22362,1.22342,10.89,0.79
2021-01-03 22:24:28.665,303,1.22362,1.22344,1.87,0.75
2021-01-03 22:24:28.871,304,1.22362,1.22341,1.87,2.3
2021-01-03 22:24:40.281,305,1.22362,1.22342,0.75,1.55
2021-01-03 22:24:43.206,306,1.22362,1.22341,1.87,2.29
2021-01-03 22:24:43.718,307,1.22362,1.22343,1.87,5.98
2021-01-03 22:24:45.819,308,1.22362,1.22342,0.75,1.5
2021-01-03 22:24:46.941,309,1.22362,1.22341,1.87,2.29
2021-01-03 22:24:50.579,310,1.22362,1.22343,1.87,5.98
2021-01-03 22:24:56.477,311,1.22362,1.22341,1.87,2.29
2021-01-03 22:25:12.341,312,1.22363,1.2235,0.75,0.19
2021-01-03 22:25:12.494,313,1.22363,1.22351,0.75,1.12
2021-01-03 22:25:12.759,314,1.22363,1.2235,0.75,0.22
2021-01-03 22:25:20.881,315,1.22363,1.22345,0.75,0.8
2021-01-03 22:25:25.743,316,1.22364,1.22346,9.77,0.79
2021-01-03 22:25:32.261,317,1.22361,1.22346,0.75,6.02
2021-01-03 22:25:32.363,318,1.22359,1.22346,1.12,5.98
2021-01-03 22:25:32.541,319,1.22359,1.22345,1.12,0.19
2021-01-03 22:25:42.688,320,1.22361,1.22345,0.75,1.31
2021-01-03 22:25:42.739,321,1.22361,1.22347,0.75,0.75
2021-01-03 22:25:42.840,322,1.22361,1.22348,0.75,0.79
2021-01-03 22:25:43.537,323,1.22361,1.22345,0.75,0.22
2021-01-03 22:25:53.374,324,1.22361,1.22355,0.75,5.98
2021-01-03 22:25:53.476,325,1.22361,1.22354,0.75,0.19
2021-01-03 22:25:53.627,326,1.22366,1.22355,8.25,0.19
2021-01-03 22:25:53.729,327,1.22366,1.22356,8.25,0.79
2021-01-03 22:25:53.881,328,1.22366,1.22352,0.75,0.24
2021-01-03 22:25:53.931,329,1.22363,1.2235,9.02,1.74
2021-01-03 22:25:53.998,330,1.22366,1.2235,0.75,1.74
2021-01-03 22:25:58.885,331,1.22366,1.22356,0.75,0.75
2021-01-03 22:26:00.003,332,1.22366,1.22355,0.75,0.19
2021-01-03 22:26:07.287,333,1.22366,1.22353,0.75,1.12
2021-01-03 22:26:32.500,334,1.22366,1.22355,0.75,0.75
2021-01-03 22:26:32.704,335,1.22365,1.22355,0.75,7.5
2021-01-03 22:26:32.805,336,1.22366,1.22356,0.75,0.75
2021-01-03 22:26:32.856,337,1.22366,1.22354,0.75,7.5
2021-01-03 22:26:33.059,338,1.22367,1.22354,0.75,1.54
2021-01-03 22:26:33.160,339,1.22367,1.22355,0.75,0.75
2021-01-03 22:26:36.012,340,1.22367,1.22355,0.75,0.8
2021-01-03 22:27:07.267,341,1.22367,1.22354,0.75,0.94
2021-01-03 22:27:17.427,342,1.22365,1.22349,0.75,0.19
2021-01-03 22:27:18.478,343,1.22365,1.22352,0.75,5.98
2021-01-03 22:27:18.580,344,1.22365,1.22354,0.75,1.12
2021-01-03 22:27:18.681,345,1.22365,1.22355,0.75,0.75
2021-01-03 22:27:19.089,346,1.22365,1.22353,0.75,0.19
2021-01-03 22:27:20.469,347,1.22365,1.22354,0.75,5.98
2021-01-03 22:27:20.570,348,1.22365,1.22353,0.75,0.19
2021-01-03 22:27:21.857,349,1.22367,1.22356,0.75,0.79
2021-01-03 22:27:22.225,350,1.22367,1.22354,0.75,0.79
2021-01-03 22:27:23.839,351,1.22367,1.22357,0.75,5.98
2021-01-03 22:27:29.451,352,1.22367,1.22354,0.75,0.79
2021-01-03 22:27:31.297,353,1.22367,1.22356,0.75,5.98
2021-01-03 22:27:34.071,354,1.22367,1.22354,0.75,0.79
2021-01-03 22:27:41.334,355,1.22367,1.22357,0.75,5.98
2021-01-03 22:27:42.984,356,1.22366,1.22355,0.75,0.79
2021-01-03 22:27:51.380,357,1.22367,1.22355,0.75,5.98
2021-01-03 22:27:53.478,358,1.22367,1.22354,0.75,0.79
2021-01-03 22:27:55.340,359,1.22367,1.22356,0.75,5.98
2021-01-03 22:27:58.514,360,1.22367,1.22354,0.75,0.79
2021-01-03 22:28:01.319,361,1.22367,1.22356,0.75,5.98
2021-01-03 22:28:01.426,362,1.22367,1.22355,0.75,5.98
2021-01-03 22:28:03.993,363,1.22367,1.22354,0.75,0.79
2021-01-03 22:28:05.578,364,1.22366,1.22357,0.75,5.98
2021-01-03 22:28:07.644,365,1.22367,1.22351,0.75,0.94
2021-01-03 22:28:09.128,366,1.22367,1.22358,0.75,0.94
2021-01-03 22:28:09.179,367,1.22366,1.22355,0.75,0.19
2021-01-03 22:28:27.252,368,1.22367,1.2236,0.75,5.98
2021-01-03 22:28:27.404,369,1.22367,1.22354,0.75,0.19
2021-01-03 22:28:30.318,370,1.22367,1.22352,0.75,0.19
2021-01-03 22:28:31.951,371,1.22367,1.22353,0.75,5.98
2021-01-03 22:28:32.335,372,1.22367,1.22352,0.75,0.19
2021-01-03 22:28:34.277,373,1.22366,1.22355,0.75,0.19
2021-01-03 22:28:44.809,374,1.22367,1.22349,0.75,0.19
2021-01-03 22:28:44.882,375,1.22366,1.22353,0.75,5.98
2021-01-03 22:28:45.318,376,1.22367,1.22351,0.75,5.98
2021-01-03 22:28:45.547,377,1.2237,1.22364,0.37,0.94
2021-01-03 22:28:45.649,378,1.22372,1.22367,7.5,0.19
2021-01-03 22:28:45.927,379,1.22372,1.22368,0.75,0.19
2021-01-03 22:28:46.028,380,1.22373,1.22363,0.75,0.94
2021-01-03 22:28:47.245,381,1.22374,1.22363,0.75,0.94
2021-01-03 22:28:50.128,382,1.22374,1.22361,0.75,0.94
2021-01-03 22:28:50.444,383,1.22374,1.22366,0.75,0.94
2021-01-03 22:28:52.913,384,1.22374,1.22365,0.75,0.37
2021-01-03 22:28:52.964,385,1.22374,1.22362,0.75,0.19
2021-01-03 22:28:53.361,386,1.22374,1.22365,0.75,0.19
2021-01-03 22:28:53.672,387,1.22374,1.2236,0.75,0.94
2021-01-03 22:28:58.077,388,1.22374,1.22362,0.75,5.98
2021-01-03 22:28:59.461,389,1.22374,1.2236,0.75,0.94
2021-01-03 22:29:09.636,390,1.22374,1.22361,0.75,0.75
2021-01-03 22:29:11.345,391,1.22374,1.22362,0.75,5.98
2021-01-03 22:29:14.177,392,1.22374,1.22363,0.75,5.98
2021-01-03 22:29:17.477,393,1.22374,1.22361,0.75,0.75
2021-01-03 22:29:19.317,394,1.22374,1.22366,0.75,0.19
2021-01-03 22:29:19.368,395,1.22379,1.22369,0.19,0.19
2021-01-03 22:29:19.520,396,1.22381,1.22369,0.21,0.94
2021-01-03 22:29:19.571,397,1.22384,1.22377,7.52,0.75
2021-01-03 22:29:19.672,398,1.22389,1.2238,0.0195,0.37
2021-01-03 22:29:19.723,399,1.22388,1.22378,0.0195,0.75
2021-01-03 22:29:20.234,400,1.22404,1.22381,7.5,1.12
2021-01-03 22:29:20.371,401,1.22401,1.22381,7.5,1.12
2021-01-03 22:29:20.660,402,1.22408,1.22381,0.75,2.62
2021-01-03 22:29:23.304,403,1.2239,1.22375,0.0195,0.75
2021-01-03 22:29:23.749,404,1.22408,1.22381,0.75,2.62
2021-01-03 22:29:24.752,405,1.2239,1.22375,0.0195,0.75
2021-01-03 22:29:27.197,406,1.2239,1.22376,0.0187,0.75
2021-01-03 22:29:27.470,407,1.2239,1.22379,0.0187,0.37
2021-01-03 22:29:27.801,408,1.22408,1.22381,0.75,2.25
2021-01-03 22:29:28.785,409,1.22398,1.22381,7.5,2.25
2021-01-03 22:29:30.212,410,1.22397,1.22387,7.5,0.37
2021-01-03 22:29:31.670,411,1.22398,1.22381,7.5,1.12
2021-01-03 22:29:31.771,412,1.22387,1.22377,0.0187,0.37
2021-01-03 22:29:35.826,413,1.22398,1.22381,7.5,0.75
2021-01-03 22:29:40.247,414,1.22398,1.22386,7.5,0.37
2021-01-03 22:29:41.692,415,1.22386,1.22378,0.0187,0.37
2021-01-03 22:29:41.744,416,1.22383,1.22372,0.0187,7.53
2021-01-03 22:29:41.845,417,1.22381,1.22373,0.0187,7.5
2021-01-03 22:29:42.002,418,1.22382,1.22367,0.0187,0.75
2021-01-03 22:29:57.733,419,1.22382,1.2237,0.0187,0.37
2021-01-03 22:30:00.095,420,1.22382,1.22367,0.0187,0.75
2021-01-03 22:30:02.714,421,1.22382,1.22367,0.0187,0.8
2021-01-03 22:30:03.305,422,1.22381,1.22368,0.0187,0.79
2021-01-03 22:30:03.822,423,1.22382,1.22367,0.0187,0.77
2021-01-03 22:30:04.146,424,1.22382,1.22367,0.0187,0.75
2021-01-03 22:30:05.267,425,1.22382,1.22371,0.0187,0.75
2021-01-03 22:30:05.670,426,1.22382,1.22372,0.0187,0.37
2021-01-03 22:30:12.966,427,1.22384,1.22375,0.0187,0.76
2021-01-03 22:30:13.578,428,1.22383,1.22371,0.0187,0.76
2021-01-03 22:30:13.747,429,1.22383,1.22367,0.0187,0.76
2021-01-03 22:30:15.527,430,1.22385,1.22372,0.0187,0.76
2021-01-03 22:30:20.813,431,1.22382,1.22372,0.0187,0.39
2021-01-03 22:30:20.915,432,1.22383,1.22372,0.0187,0.39
2021-01-03 22:30:21.867,433,1.22404,1.22381,0.59,0.19
2021-01-03 22:30:21.918,434,1.22406,1.22391,7.52,0.37
2021-01-03 22:30:22.120,435,1.22409,1.22388,8.27,0.37
2021-01-03 22:30:22.221,436,1.22409,1.22385,8.27,1.12
2021-01-03 22:30:24.238,437,1.22409,1.22392,7.52,0.37
2021-01-03 22:30:25.321,438,1.22409,1.22388,7.52,0.37
2021-01-03 22:30:28.442,439,1.22408,1.224,7.52,3.75
2021-01-03 22:30:28.595,440,1.22404,1.22397,0.0187,0.75
2021-01-03 22:30:28.646,441,1.22406,1.224,0.0187,3.74
2021-01-03 22:30:30.672,442,1.22411,1.22399,7.52,3.67
2021-01-03 22:30:31.350,443,1.22415,1.22399,7.5,3.6
2021-01-03 22:30:31.613,444,1.22416,1.22399,7.5,3.6
2021-01-03 22:30:32.046,445,1.22415,1.22399,7.5,3.75
2021-01-03 22:30:34.305,446,1.22421,1.22399,0.37,3.75
2021-01-03 22:30:35.238,447,1.22398,1.22384,0.75,0.19
2021-01-03 22:30:35.289,448,1.22398,1.22381,0.75,7.69
2021-01-03 22:30:35.390,449,1.22396,1.22382,0.19,7.69
2021-01-03 22:30:35.492,450,1.22395,1.22381,0.94,0.19
2021-01-03 22:30:36.060,451,1.22392,1.22381,0.19,0.19
2021-01-03 22:30:36.492,452,1.22393,1.22381,0.75,0.19
2021-01-03 22:30:36.543,453,1.22399,1.22395,0.37,0.19
2021-01-03 22:30:36.594,454,1.22406,1.22399,0.75,0.75
2021-01-03 22:30:36.645,455,1.22407,1.22391,7.5,3.0
2021-01-03 22:30:36.696,456,1.22391,1.22389,0.19,7.5
2021-01-03 22:30:36.798,457,1.22394,1.22389,7.65,7.5
2021-01-03 22:30:36.849,458,1.22389,1.22384,1.69,5.98
2021-01-03 22:30:36.951,459,1.22389,1.22381,1.69,0.19
2021-01-03 22:30:37.277,460,1.22389,1.22385,1.69,5.98
2021-01-03 22:30:37.340,461,1.22389,1.22381,1.69,0.19
2021-01-03 22:30:38.422,462,1.22388,1.22385,1.69,5.98
2021-01-03 22:30:38.597,463,1.22388,1.22385,0.19,5.98
2021-01-03 22:30:38.648,464,1.22389,1.22381,0.75,0.19
2021-01-03 22:30:38.699,465,1.22386,1.22381,0.19,0.19
2021-01-03 22:30:41.171,466,1.22384,1.22381,0.75,0.19
2021-01-03 22:30:45.644,467,1.22382,1.22378,0.19,0.34
2021-01-03 22:30:46.323,468,1.22384,1.22381,0.75,0.19
2021-01-03 22:30:46.475,469,1.22374,1.22368,3.75,7.5
2021-01-03 22:30:46.628,470,1.22375,1.22372,3.75,0.94
2021-01-03 22:30:46.679,471,1.2238,1.22373,7.55,0.75
2021-01-03 22:30:46.932,472,1.22388,1.22373,0.94,0.75
2021-01-03 22:30:46.984,473,1.22388,1.22381,0.94,0.19
2021-01-03 22:30:47.269,474,1.22388,1.22385,0.94,5.98
2021-01-03 22:30:47.376,475,1.22388,1.22385,0.94,5.98
2021-01-03 22:30:47.707,476,1.22387,1.22382,0.94,0.19
2021-01-03 22:30:47.927,477,1.22388,1.22385,0.94,5.98
2021-01-03 22:30:48.889,478,1.22385,1.22381,0.75,0.19
2021-01-03 22:30:49.419,479,1.22385,1.2238,1.5,5.98
2021-01-03 22:30:49.522,480,1.22381,1.22374,1.12,0.75
2021-01-03 22:30:49.987,481,1.22371,1.22357,0.37,7.5
2021-01-03 22:30:50.039,482,1.22373,1.22358,7.5,7.5
2021-01-03 22:30:50.091,483,1.22367,1.22357,0.37,7.5
2021-01-03 22:30:50.194,484,1.22366,1.22357,0.37,7.5
2021-01-03 22:30:50.245,485,1.22366,1.22344,0.37,0.015
2021-01-03 22:30:51.449,486,1.22366,1.22333,0.37,0.78
2021-01-03 22:30:53.625,487,1.22361,1.2234,9.02,6.01
2021-01-03 22:30:53.699,488,1.22366,1.22333,0.37,0.78
2021-01-03 22:30:53.837,489,1.22366,1.22333,0.37,0.78
2021-01-03 22:30:58.099,490,1.22367,1.22333,0.37,0.78
2021-01-03 22:30:58.693,491,1.22354,1.22329,0.75,7.54
2021-01-03 22:30:58.795,492,1.2235,1.22329,3.75,7.54
2021-01-03 22:30:59.118,493,1.2235,1.22327,3.75,8.29
2021-01-03 22:31:01.429,494,1.2235,1.22327,3.67,0.79
2021-01-03 22:31:01.480,495,1.2235,1.22325,3.67,0.37
2021-01-03 22:31:01.978,496,1.2235,1.22328,3.64,0.37
2021-01-03 22:31:07.543,497,1.22356,1.22337,0.75,0.37
2021-01-03 22:31:07.645,498,1.22356,1.2234,0.75,1.12
2021-01-03 22:31:07.798,499,1.22356,1.22339,0.75,0.19
2021-01-03 22:31:07.899,500,1.22356,1.22338,0.75,0.37
2021-01-03 22:31:09.406,501,1.22355,1.22338,0.75,0.37
2021-01-03 22:31:32.028,502,1.22352,1.22333,3.75,7.5
2021-01-03 22:31:32.180,503,1.2235,1.22333,3.75,7.5
2021-01-03 22:31:32.231,504,1.2235,1.22328,3.75,0.37
2021-01-03 22:31:34.475,505,1.2235,1.22343,3.75,0.37
2021-01-03 22:31:37.359,506,1.22349,1.22342,3.75,0.37
2021-01-03 22:31:40.204,507,1.2235,1.2234,3.75,7.5
2021-01-03 22:31:43.708,508,1.2235,1.22341,3.75,0.75
2021-01-03 22:31:43.759,509,1.22349,1.22344,3.75,0.75
2021-01-03 22:31:48.770,510,1.2235,1.22346,3.75,7.5
2021-01-03 22:31:51.907,511,1.2235,1.22343,3.75,0.75
2021-01-03 22:32:01.304,512,1.2235,1.22344,3.75,0.94
2021-01-03 22:32:10.107,513,1.22367,1.22354,0.19,0.37
2021-01-03 22:32:10.209,514,1.22369,1.22354,0.75,0.37
2021-01-03 22:32:10.976,515,1.22365,1.22353,0.75,0.37
2021-01-03 22:32:12.321,516,1.22366,1.2235,0.75,0.37
2021-01-03 22:32:13.533,517,1.22364,1.2235,0.75,0.75
2021-01-03 22:32:14.002,518,1.22362,1.2235,9.02,0.75
2021-01-03 22:32:14.092,519,1.22364,1.2235,0.75,0.75
2021-01-03 22:32:16.075,520,1.22364,1.22351,0.75,0.37
2021-01-03 22:32:20.230,521,1.22364,1.22356,0.75,0.37
2021-01-03 22:32:23.762,522,1.22364,1.2235,0.75,0.75
2021-01-03 22:32:25.416,523,1.22364,1.22349,0.75,1.5
2021-01-03 22:32:25.467,524,1.22361,1.22349,0.75,0.75
2021-01-03 22:32:25.568,525,1.22361,1.22348,0.75,0.75
2021-01-03 22:32:30.252,526,1.22361,1.22354,0.75,0.37
2021-01-03 22:32:31.543,527,1.22361,1.22348,0.75,0.75
2021-01-03 22:32:35.127,528,1.22361,1.22347,0.75,0.75
2021-01-03 22:32:35.178,529,1.2236,1.22342,0.37,7.5
2021-01-03 22:32:35.229,530,1.22366,1.22353,0.75,0.75
2021-01-03 22:32:36.626,531,1.22361,1.22353,0.75,0.75
2021-01-03 22:32:36.677,532,1.22366,1.22353,0.75,0.75
2021-01-03 22:32:36.728,533,1.22366,1.22355,0.75,0.94
2021-01-03 22:32:39.171,534,1.22361,1.22355,0.75,0.94
2021-01-03 22:32:39.223,535,1.22366,1.22355,0.75,0.94
2021-01-03 22:32:40.205,536,1.22366,1.22358,0.75,0.37
2021-01-03 22:32:41.730,537,1.22364,1.22355,0.75,0.75
2021-01-03 22:32:43.587,538,1.22357,1.22352,0.37,8.25
2021-01-03 22:32:43.638,539,1.22357,1.22345,0.37,0.94
2021-01-03 22:32:43.689,540,1.22357,1.22338,0.37,1.87
2021-01-03 22:32:43.790,541,1.22357,1.22337,0.37,1.12
2021-01-03 22:32:44.043,542,1.22357,1.22333,0.37,1.87
2021-01-03 22:32:44.326,543,1.22357,1.22336,0.37,0.37
2021-01-03 22:32:46.891,544,1.22356,1.22334,0.37,0.37
2021-01-03 22:32:49.914,545,1.22358,1.22334,0.37,1.12
2021-01-03 22:32:51.205,546,1.22359,1.22334,0.37,1.12
2021-01-03 22:32:56.814,547,1.22361,1.22357,0.37,0.34
2021-01-03 22:32:56.916,548,1.22364,1.2236,0.75,6.17
2021-01-03 22:32:57.017,549,1.22366,1.2236,0.75,6.17
2021-01-03 22:32:57.119,550,1.2237,1.2236,0.37,0.19
2021-01-03 22:32:57.170,551,1.22366,1.2236,0.75,0.19
2021-01-03 22:32:59.718,552,1.2237,1.2236,0.37,0.19
2021-01-03 22:32:59.769,553,1.22374,1.2236,0.37,0.19
2021-01-03 22:32:59.921,554,1.2237,1.2236,0.37,6.17
2021-01-03 22:33:00.276,555,1.2237,1.22364,0.37,5.98
2021-01-03 22:33:01.284,556,1.2237,1.2236,0.37,0.19
2021-01-03 22:33:03.243,557,1.2237,1.22364,1.12,5.98
2021-01-03 22:33:04.835,558,1.22374,1.2236,0.37,0.19
2021-01-03 22:33:04.886,559,1.22371,1.22361,3.75,0.19
2021-01-03 22:33:05.229,560,1.22371,1.2236,1.12,0.19
2021-01-03 22:33:06.965,561,1.22371,1.22364,1.12,5.98
2021-01-03 22:33:07.066,562,1.22372,1.22361,3.75,5.98
2021-01-03 22:33:07.416,563,1.22372,1.2236,4.12,6.17
2021-01-03 22:33:11.768,564,1.2237,1.2236,0.37,0.19
2021-01-03 22:33:15.696,565,1.22372,1.2236,3.75,0.19
2021-01-03 22:33:15.802,566,1.22371,1.22362,3.75,5.98
2021-01-03 22:33:15.853,567,1.2237,1.22361,0.37,5.98
2021-01-03 22:33:15.955,568,1.2237,1.2236,0.37,0.19
2021-01-03 22:33:45.804,569,1.22364,1.2236,0.37,0.19
2021-01-03 22:33:45.855,570,1.22368,1.2236,0.37,0.19
2021-01-03 22:33:49.159,571,1.22368,1.22363,0.37,5.98
2021-01-03 22:33:51.022,572,1.22368,1.2236,0.37,0.19
2021-01-03 22:33:54.020,573,1.22369,1.2236,0.37,0.19
2021-01-03 22:33:57.432,574,1.2237,1.2236,0.19,0.19
2021-01-03 22:33:57.534,575,1.22362,1.2236,7.35,0.19
2021-01-03 22:34:03.843,576,1.22366,1.2236,0.75,0.19
2021-01-03 22:34:13.586,577,1.22366,1.22361,0.75,5.98
2021-01-03 22:34:13.705,578,1.22366,1.2236,0.75,6.17
2021-01-03 22:34:15.491,579,1.22366,1.22364,0.75,5.98
2021-01-03 22:34:17.477,580,1.22366,1.2236,0.75,6.17
2021-01-03 22:34:50.530,581,1.22363,1.2236,0.37,0.19
2021-01-03 22:34:50.581,582,1.22366,1.2236,0.75,0.19
2021-01-03 22:34:50.682,583,1.2236,1.22357,0.75,0.34
2021-01-03 22:34:50.834,584,1.22368,1.2236,0.37,0.19
2021-01-03 22:34:52.585,585,1.22362,1.2236,5.77,0.19
2021-01-03 22:35:02.981,586,1.22361,1.2236,0.75,0.19
2021-01-03 22:35:03.919,587,1.22362,1.2236,5.77,0.19
2021-01-03 22:35:05.427,588,1.22361,1.2236,0.75,0.19
2021-01-03 22:35:05.643,589,1.22363,1.22361,5.77,0.19
2021-01-03 22:35:09.977,590,1.22361,1.2236,0.75,0.19
2021-01-03 22:35:10.598,591,1.22362,1.2236,5.77,0.19
2021-01-03 22:35:12.589,592,1.22369,1.22361,0.37,5.98
2021-01-03 22:35:12.839,593,1.22362,1.2236,5.62,0.19
2021-01-03 22:35:12.956,594,1.22361,1.22355,0.75,0.75
2021-01-03 22:35:13.132,595,1.22362,1.22355,5.92,0.75
2021-01-03 22:35:13.183,596,1.22357,1.22354,1.12,0.94
2021-01-03 22:35:13.284,597,1.22358,1.22355,5.92,7.5
2021-01-03 22:35:13.456,598,1.22358,1.22354,1.12,0.19
2021-01-03 22:35:13.506,599,1.22353,1.22348,0.37,0.75
2021-01-03 22:35:13.557,600,1.22356,1.22354,0.75,0.75
2021-01-03 22:35:13.659,601,1.22354,1.22344,0.37,0.19
2021-01-03 22:35:13.760,602,1.22354,1.2234,0.37,7.5
2021-01-03 22:35:14.891,603,1.22354,1.22338,0.37,7.5
2021-01-03 22:35:14.942,604,1.22361,1.22354,7.5,0.75
2021-01-03 22:35:15.043,605,1.22361,1.22359,7.5,0.37
2021-01-03 22:35:15.175,606,1.22363,1.22359,5.92,0.37
2021-01-03 22:35:15.622,607,1.22361,1.22359,0.75,0.37
2021-01-03 22:35:16.078,608,1.22361,1.22357,0.75,0.37
2021-01-03 22:35:20.807,609,1.2236,1.22357,0.75,0.75
2021-01-03 22:35:20.908,610,1.22364,1.2236,6.75,0.37
2021-01-03 22:35:23.371,611,1.22368,1.22359,0.8,0.37
2021-01-03 22:35:23.422,612,1.22364,1.22359,0.75,0.37
2021-01-03 22:35:25.941,613,1.22367,1.2236,0.79,0.37
2021-01-03 22:35:25.992,614,1.22364,1.2236,0.75,0.37
2021-01-03 22:35:27.156,615,1.22364,1.22358,0.75,0.37
2021-01-03 22:35:28.475,616,1.22365,1.22358,0.37,0.37
2021-01-03 22:35:28.526,617,1.22367,1.22358,0.79,0.37
2021-01-03 22:35:28.577,618,1.22364,1.22358,0.75,0.37
2021-01-03 22:35:28.702,619,1.22361,1.22358,0.75,0.37
2021-01-03 22:35:30.206,620,1.22361,1.22357,0.75,0.75
2021-01-03 22:35:31.037,621,1.22363,1.2236,0.75,0.37
2021-01-03 22:35:31.139,622,1.22364,1.2236,4.8,0.37
2021-01-03 22:35:33.602,623,1.22363,1.2236,0.75,0.37
2021-01-03 22:35:36.222,624,1.22364,1.22356,0.75,1.12
2021-01-03 22:35:41.680,625,1.22361,1.22356,0.75,1.12
2021-01-03 22:35:41.781,626,1.22361,1.22357,0.75,0.75
2021-01-03 22:35:59.312,627,1.22364,1.22357,0.37,1.12
2021-01-03 22:35:59.363,628,1.22366,1.22357,0.75,1.12
2021-01-03 22:36:01.877,629,1.22365,1.22356,0.75,1.12
2021-01-03 22:36:04.442,630,1.22366,1.22357,0.75,1.12
2021-01-03 22:36:07.006,631,1.22365,1.22356,0.75,1.12
2021-01-03 22:36:09.520,632,1.22365,1.22357,0.75,0.75
2021-01-03 22:36:09.622,633,1.22366,1.22358,0.75,0.75
2021-01-03 22:36:14.771,634,1.22365,1.22358,0.75,1.12
2021-01-03 22:36:14.873,635,1.22362,1.22357,0.75,1.12
2021-01-03 22:36:14.975,636,1.22361,1.22359,1.12,0.75
2021-01-03 22:36:15.026,637,1.2236,1.22357,0.75,0.75
2021-01-03 22:36:15.298,638,1.22362,1.22359,1.12,0.75
2021-01-03 22:36:15.349,639,1.22362,1.22359,1.12,0.75
2021-01-03 22:36:15.400,640,1.22361,1.22359,6.6,0.75
2021-01-03 22:36:17.221,641,1.22361,1.22357,6.6,0.75
2021-01-03 22:36:17.272,642,1.22364,1.22357,0.75,0.75
2021-01-03 22:36:17.323,643,1.22366,1.22355,0.75,8.44
2021-01-03 22:36:17.475,644,1.22367,1.22356,0.75,5.98
2021-01-03 22:36:17.786,645,1.22367,1.22354,0.75,0.94
2021-01-03 22:36:19.836,646,1.22369,1.22358,0.75,5.98
2021-01-03 22:36:20.383,647,1.22369,1.22355,0.75,0.75
2021-01-03 22:36:20.448,648,1.22366,1.22355,0.75,0.75
2021-01-03 22:36:21.738,649,1.22366,1.22357,0.75,0.37
2021-01-03 22:36:22.401,650,1.22366,1.22354,0.75,0.94
2021-01-03 22:36:22.503,651,1.22366,1.22358,0.75,5.98
2021-01-03 22:36:22.908,652,1.22367,1.22354,0.75,0.94
2021-01-03 22:36:24.955,653,1.22366,1.22354,0.75,0.94
2021-01-03 22:36:25.076,654,1.22366,1.22355,0.75,5.98
2021-01-03 22:36:25.178,655,1.22366,1.22354,0.75,6.92
2021-01-03 22:36:25.477,656,1.22366,1.22355,0.75,5.98
2021-01-03 22:36:25.592,657,1.22366,1.22354,0.75,6.92
2021-01-03 22:36:27.537,658,1.22364,1.22354,0.75,0.94
2021-01-03 22:36:27.798,659,1.22365,1.22354,0.37,6.92
2021-01-03 22:36:27.899,660,1.22366,1.22354,0.75,0.94
2021-01-03 22:36:30.101,661,1.22367,1.22354,0.75,0.94
2021-01-03 22:36:30.215,662,1.22367,1.22357,0.75,5.98
2021-01-03 22:36:30.332,663,1.22366,1.22357,0.75,5.98
2021-01-03 22:36:30.448,664,1.22367,1.22357,0.37,5.98
2021-01-03 22:36:30.549,665,1.22368,1.22358,0.75,5.98
2021-01-03 22:36:31.301,666,1.22368,1.22357,0.75,5.98
2021-01-03 22:36:31.707,667,1.22368,1.22354,0.75,0.94
2021-01-03 22:36:32.626,668,1.22369,1.22354,1.12,0.94
2021-01-03 22:36:42.287,669,1.22369,1.22355,0.75,0.75
2021-01-03 22:36:44.213,670,1.22369,1.22356,0.75,0.75
2021-01-03 22:36:44.469,671,1.22369,1.22355,0.75,0.75
2021-01-03 22:37:00.887,672,1.22372,1.22355,1.12,2.25
2021-01-03 22:37:00.989,673,1.22372,1.22358,1.12,5.98
2021-01-03 22:37:02.714,674,1.22372,1.22359,1.12,5.98
2021-01-03 22:37:03.448,675,1.22369,1.22356,0.75,5.98
2021-01-03 22:37:03.551,676,1.22369,1.22357,0.75,5.98
2021-01-03 22:37:03.929,677,1.22369,1.22356,0.75,5.98
2021-01-03 22:37:07.628,678,1.22369,1.22355,0.75,6.73
2021-01-03 22:37:07.940,679,1.22369,1.22356,0.75,5.98
2021-01-03 22:37:11.400,680,1.22369,1.22355,0.75,0.75
2021-01-03 22:37:18.637,681,1.22368,1.22355,0.75,0.75
2021-01-03 22:37:18.913,682,1.22368,1.22356,0.94,5.98
2021-01-03 22:37:19.134,683,1.22368,1.22357,0.94,5.98
2021-01-03 22:37:19.240,684,1.22367,1.22356,0.94,0.75
2021-01-03 22:37:21.348,685,1.22366,1.22355,0.75,0.75
2021-01-03 22:37:21.500,686,1.22368,1.22355,9.02,1.69
2021-01-03 22:37:21.723,687,1.22369,1.22355,0.19,1.69
2021-01-03 22:37:26.340,688,1.2237,1.22355,9.02,1.69
2021-01-03 22:37:26.468,689,1.22371,1.22355,9.77,1.69
2021-01-03 22:37:27.351,690,1.22369,1.22355,9.02,1.69
2021-01-03 22:37:28.117,691,1.2237,1.22355,9.02,1.69
2021-01-03 22:37:29.108,692,1.22368,1.22355,9.02,1.69
2021-01-03 22:37:31.299,693,1.22367,1.22355,9.02,1.69
2021-01-03 22:37:31.555,694,1.22368,1.22355,9.02,1.69
2021-01-03 22:37:31.698,695,1.22368,1.22356,9.2,1.69
2021-01-03 22:37:44.238,696,1.22359,1.22356,0.75,0.75
2021-01-03 22:37:44.288,697,1.22365,1.22359,0.19,0.75
2021-01-03 22:37:44.391,698,1.22368,1.22359,0.8,0.75
2021-01-03 22:37:44.442,699,1.2237,1.22359,0.19,0.75
2021-01-03 22:37:44.493,700,1.22367,1.22359,0.37,0.75
2021-01-03 22:37:44.595,701,1.22366,1.22359,0.37,0.75
2021-01-03 22:37:44.696,702,1.22368,1.22358,0.24,0.75
2021-01-03 22:37:45.223,703,1.22368,1.22357,0.24,0.75
2021-01-03 22:37:45.273,704,1.22366,1.22354,0.41,6.73
2021-01-03 22:37:45.465,705,1.22367,1.22354,0.19,0.75
2021-01-03 22:37:45.516,706,1.22374,1.22354,0.75,0.75
2021-01-03 22:37:45.618,707,1.22374,1.22361,0.75,0.75
2021-01-03 22:37:46.554,708,1.2237,1.22361,1.12,0.75
2021-01-03 22:37:46.951,709,1.2237,1.22358,1.12,1.5
2021-01-03 22:37:47.002,710,1.22373,1.22357,0.75,0.19
2021-01-03 22:37:47.305,711,1.22372,1.22357,9.02,0.19
2021-01-03 22:37:47.517,712,1.22373,1.22357,1.12,0.19
2021-01-03 22:37:49.546,713,1.22374,1.22358,0.37,0.75
2021-01-03 22:37:49.597,714,1.22374,1.2236,0.37,0.75
2021-01-03 22:37:51.784,715,1.22373,1.22363,0.75,0.37
2021-01-03 22:37:51.987,716,1.2237,1.22361,0.37,0.75
2021-01-03 22:37:52.089,717,1.22372,1.22358,0.56,0.75
2021-01-03 22:37:52.191,718,1.22372,1.22357,0.19,7.69
2021-01-03 22:37:54.681,719,1.22372,1.22361,0.37,0.75
2021-01-03 22:37:54.732,720,1.22373,1.22362,0.37,0.75
2021-01-03 22:37:54.958,721,1.22373,1.22361,1.12,0.75
2021-01-03 22:37:57.201,722,1.22373,1.22358,1.12,8.25
2021-01-03 22:37:57.478,723,1.22373,1.22357,1.31,0.19
2021-01-03 22:38:00.471,724,1.2237,1.22357,0.37,0.19
2021-01-03 22:38:07.356,725,1.22375,1.22371,0.37,0.37
2021-01-03 22:38:07.407,726,1.22375,1.22358,0.37,7.5
2021-01-03 22:38:07.458,727,1.22377,1.22358,0.19,7.5
2021-01-03 22:38:07.803,728,1.22376,1.22358,0.75,7.5
2021-01-03 22:38:08.133,729,1.22375,1.22358,0.75,8.44
2021-01-03 22:38:09.513,730,1.22374,1.22357,9.02,0.75
2021-01-03 22:38:11.230,731,1.22372,1.22357,9.02,7.69
2021-01-03 22:38:11.733,732,1.22373,1.22357,9.02,7.69
2021-01-03 22:38:12.107,733,1.22373,1.22358,0.75,7.69
2021-01-03 22:38:15.213,734,1.22376,1.22357,0.94,7.69
2021-01-03 22:38:15.315,735,1.22376,1.22358,1.31,5.98
2021-01-03 22:38:15.422,736,1.22376,1.22357,1.31,7.69
2021-01-03 22:38:17.757,737,1.22373,1.22357,0.75,0.19
2021-01-03 22:38:17.859,738,1.22373,1.22359,0.75,0.75
2021-01-03 22:38:18.216,739,1.22375,1.22359,0.75,0.75
2021-01-03 22:38:21.786,740,1.22375,1.22362,0.75,0.37
2021-01-03 22:38:21.888,741,1.22375,1.22363,0.75,5.98
2021-01-03 22:38:21.940,742,1.22375,1.22359,0.75,0.75
2021-01-03 22:38:22.310,743,1.22372,1.22359,0.37,0.75
2021-01-03 22:38:22.412,744,1.2238,1.22361,1.5,7.5
2021-01-03 22:38:22.582,745,1.22374,1.22359,0.75,0.75
2021-01-03 22:38:22.868,746,1.22374,1.22358,0.75,8.25
2021-01-03 22:38:22.971,747,1.22378,1.22358,0.75,8.25
2021-01-03 22:38:23.458,748,1.22376,1.22358,0.75,0.75
2021-01-03 22:38:25.427,749,1.22376,1.2236,0.75,0.75
2021-01-03 22:38:25.528,750,1.22376,1.22359,0.75,0.75
2021-01-03 22:38:25.630,751,1.22375,1.22359,0.75,0.75
2021-01-03 22:38:27.477,752,1.22374,1.22361,0.75,7.5
2021-01-03 22:38:28.042,753,1.22378,1.22359,1.5,7.5
2021-01-03 22:38:28.320,754,1.22378,1.22358,1.5,8.25
2021-01-03 22:38:28.574,755,1.22374,1.22358,0.75,8.25
2021-01-03 22:38:30.598,756,1.22374,1.22359,0.75,0.75
2021-01-03 22:38:37.366,757,1.22377,1.22359,0.75,8.25
2021-01-03 22:38:37.469,758,1.22378,1.22359,0.75,8.25
2021-01-03 22:38:37.725,759,1.22377,1.22359,0.75,8.25
2021-01-03 22:38:44.388,760,1.22377,1.22358,0.75,8.25
2021-01-03 22:38:44.439,761,1.22374,1.22358,0.75,7.5
2021-01-03 22:38:44.642,762,1.22374,1.22351,0.75,0.37
2021-01-03 22:38:48.552,763,1.22368,1.22351,9.02,0.37
2021-01-03 22:38:48.653,764,1.22374,1.22351,0.94,0.37
2021-01-03 22:38:51.758,765,1.22374,1.22354,0.94,0.37
2021-01-03 22:38:52.375,766,1.2237,1.22354,0.37,0.37
2021-01-03 22:38:59.177,767,1.22374,1.22354,1.31,0.37
2021-01-03 22:39:09.163,768,1.22374,1.22351,0.19,0.37
2021-01-03 22:39:09.315,769,1.22374,1.22348,0.19,0.37
2021-01-03 22:39:09.365,770,1.22372,1.22348,0.19,0.37
2021-01-03 22:39:10.150,771,1.22372,1.22346,0.19,2.81
2021-01-03 22:39:11.968,772,1.22371,1.22351,0.19,0.37
2021-01-03 22:39:21.687,773,1.22372,1.22351,0.19,0.37
2021-01-03 22:39:21.788,774,1.22372,1.22354,0.19,0.37
2021-01-03 22:39:39.547,775,1.2237,1.22345,0.37,4.12
2021-01-03 22:39:39.821,776,1.22367,1.22346,0.37,0.37
2021-01-03 22:39:39.923,777,1.22362,1.22344,0.19,0.37
2021-01-03 22:39:48.521,778,1.22372,1.22354,7.5,0.75
2021-01-03 22:39:48.751,779,1.22374,1.22355,0.37,0.75
2021-01-03 22:39:49.133,780,1.22375,1.22353,0.37,0.75
2021-01-03 22:39:51.784,781,1.22375,1.22359,0.37,0.37
2021-01-03 22:39:56.366,782,1.22375,1.22354,0.37,0.94
2021-01-03 22:40:10.845,783,1.22375,1.22353,0.37,1.5
2021-01-03 22:40:18.376,784,1.22375,1.22354,0.37,0.75
2021-01-03 22:40:20.345,785,1.22373,1.22354,0.19,0.75
2021-01-03 22:40:21.395,786,1.22377,1.22355,0.37,0.37
2021-01-03 22:40:21.496,787,1.22376,1.22357,0.37,0.75
2021-01-03 22:40:21.748,788,1.22379,1.22359,1.12,0.37
2021-01-03 22:40:21.803,789,1.22378,1.22354,0.37,1.69
2021-01-03 22:40:35.083,790,1.22366,1.22355,0.75,0.94
2021-01-03 22:40:35.185,791,1.22366,1.22354,0.75,0.94
2021-01-03 22:40:44.918,792,1.22362,1.22354,0.75,0.94
2021-01-03 22:40:46.232,793,1.22362,1.22353,0.75,0.75
2021-01-03 22:40:49.871,794,1.22362,1.22354,0.75,0.94
2021-01-03 22:41:04.518,795,1.22362,1.22353,0.75,1.12
2021-01-03 22:41:05.707,796,1.22361,1.22355,0.75,0.94
2021-01-03 22:41:14.392,797,1.22362,1.22353,0.75,0.75
2021-01-03 22:41:16.795,798,1.22362,1.22354,0.75,0.94
2021-01-03 22:41:22.217,799,1.22362,1.22355,0.75,7.5
2021-01-03 22:41:22.424,800,1.22362,1.22354,0.75,0.94
2021-01-03 22:41:35.113,801,1.22362,1.22353,0.75,0.75
2021-01-03 22:41:44.579,802,1.22362,1.22354,0.75,0.94
2021-01-03 22:41:53.840,803,1.22362,1.22355,0.75,7.5
2021-01-03 22:41:55.042,804,1.22362,1.22354,0.75,0.94
2021-01-03 22:42:17.492,805,1.22362,1.22353,0.75,1.87
2021-01-03 22:42:24.918,806,1.22363,1.22353,0.37,1.87
2021-01-03 22:42:25.126,807,1.22364,1.22353,0.75,1.87
2021-01-03 22:42:25.918,808,1.22361,1.22354,0.75,1.87
2021-01-03 22:42:26.917,809,1.22363,1.22353,0.37,1.87
2021-01-03 22:42:27.270,810,1.22364,1.22353,0.75,1.87
2021-01-03 22:42:28.918,811,1.22362,1.22353,0.75,1.87
2021-01-03 22:42:30.954,812,1.22364,1.22353,0.75,1.87
2021-01-03 22:42:32.935,813,1.22362,1.22353,0.75,1.87
2021-01-03 22:42:36.917,814,1.22363,1.22353,0.37,1.87
2021-01-03 22:42:37.174,815,1.22364,1.22353,0.75,1.87
2021-01-03 22:42:40.917,816,1.22365,1.22353,0.37,1.87
2021-01-03 22:42:41.135,817,1.22366,1.22353,0.75,1.87
2021-01-03 22:42:45.070,818,1.22366,1.22354,0.75,0.94
2021-01-03 22:43:23.477,819,1.22365,1.22354,3.75,9.19
2021-01-03 22:43:23.828,820,1.22366,1.22354,0.75,9.19
2021-01-03 22:43:29.850,821,1.22363,1.22352,0.19,7.5
2021-01-03 22:43:29.901,822,1.22374,1.22367,1.12,0.75
2021-01-03 22:43:30.003,823,1.22365,1.22363,0.75,0.19
2021-01-03 22:43:30.054,824,1.22362,1.22352,0.19,7.5
2021-01-03 22:43:30.105,825,1.22362,1.22343,0.19,1.12
2021-01-03 22:43:30.789,826,1.22362,1.22345,0.19,3.75
2021-01-03 22:43:46.862,827,1.2237,1.22362,1.31,0.75
2021-01-03 22:43:46.914,828,1.22373,1.22361,7.5,1.12
2021-01-03 22:43:47.068,829,1.22375,1.22361,0.19,1.12
2021-01-03 22:43:58.151,830,1.22374,1.22359,0.19,1.69
2021-01-03 22:44:20.581,831,1.22368,1.22357,0.75,1.5
2021-01-03 22:44:20.632,832,1.22367,1.22352,0.37,5.98
2021-01-03 22:44:20.683,833,1.22367,1.2235,0.37,3.75
2021-01-03 22:44:20.733,834,1.22361,1.2235,0.75,3.75
2021-01-03 22:44:20.784,835,1.22361,1.22348,0.75,7.5
2021-01-03 22:44:20.886,836,1.22361,1.22345,0.75,3.75
2021-01-03 22:44:26.847,837,1.22353,1.22345,0.75,3.75
2021-01-03 22:44:48.770,838,1.22353,1.22339,0.75,1.5
2021-01-03 22:45:00.567,839,1.22353,1.2234,0.75,0.75
2021-01-03 22:45:05.812,840,1.22353,1.22339,0.75,0.75
2021-01-03 22:45:08.223,841,1.22353,1.22337,0.75,3.75
2021-01-03 22:45:10.915,842,1.22356,1.2234,0.19,3.75
2021-01-03 22:45:20.939,843,1.22356,1.22336,0.19,0.77
2021-01-03 22:45:21.091,844,1.22356,1.22339,0.19,1.12
2021-01-03 22:45:29.443,845,1.22364,1.22348,0.75,0.75
2021-01-03 22:45:31.284,846,1.22362,1.22344,0.75,1.12
2021-01-03 22:45:33.873,847,1.22362,1.22343,1.5,0.37
2021-01-03 22:45:44.263,848,1.22361,1.22343,0.75,0.37
2021-01-03 22:45:48.852,849,1.22362,1.22343,1.5,0.37
2021-01-03 22:47:20.191,850,1.22359,1.22343,0.75,0.37
2021-01-03 22:47:50.299,851,1.22362,1.22343,1.5,1.12
2021-01-03 22:47:50.400,852,1.22361,1.22343,0.75,1.12
2021-01-03 22:48:50.427,853,1.22362,1.22343,0.75,0.37
2021-01-03 22:50:43.505,854,1.22362,1.22342,1.5,0.37
2021-01-03 22:51:30.476,855,1.22362,1.22341,1.5,1.12
2021-01-03 22:52:00.894,856,1.22361,1.22341,0.75,1.12
2021-01-03 22:52:19.282,857,1.22361,1.22343,0.75,1.12
2021-01-03 22:53:00.826,858,1.22361,1.22341,0.75,1.12
2021-01-03 22:53:02.888,859,1.22361,1.22343,0.75,1.12
2021-01-03 22:53:05.463,860,1.22363,1.22343,0.75,1.12
2021-01-03 22:53:15.521,861,1.22352,1.22337,0.75,8.25
2021-01-03 22:53:15.674,862,1.22354,1.22337,0.94,7.52
2021-01-03 22:53:15.775,863,1.22352,1.22333,0.75,0.4
2021-01-03 22:55:07.173,864,1.22353,1.22332,1.31,2.84
2021-01-03 22:55:19.748,865,1.22353,1.2234,0.75,0.37
2021-01-03 22:55:19.849,866,1.22353,1.22343,0.75,0.37
2021-01-03 22:55:20.052,867,1.22353,1.22344,0.75,1.12
2021-01-03 22:55:20.339,868,1.22353,1.22338,0.75,0.37
2021-01-03 22:55:35.132,869,1.22358,1.22343,1.31,0.37
2021-01-03 22:55:35.284,870,1.22358,1.22344,0.94,1.12
2021-01-03 22:55:35.335,871,1.22358,1.22341,0.94,1.12
2021-01-03 22:55:36.859,872,1.22358,1.22344,0.75,0.75
2021-01-03 22:55:36.961,873,1.22358,1.22345,0.75,0.37
2021-01-03 22:55:37.077,874,1.22358,1.22347,0.75,0.37
2021-01-03 22:55:37.178,875,1.22358,1.22341,0.75,1.12
2021-01-03 22:55:41.157,876,1.22358,1.2234,0.94,0.37
2021-01-03 22:56:13.326,877,1.22358,1.22339,0.94,1.12
2021-01-03 22:56:13.377,878,1.22357,1.22342,0.94,1.12
2021-01-03 22:56:13.843,879,1.22358,1.22338,1.31,0.37
2021-01-03 22:56:13.944,880,1.22356,1.22338,0.37,0.37
2021-01-03 22:56:14.147,881,1.22353,1.22337,0.75,0.75
2021-01-03 22:56:14.351,882,1.22353,1.22336,0.75,1.69
2021-01-03 22:56:14.651,883,1.22353,1.22337,0.75,0.75
2021-01-03 22:56:14.754,884,1.22348,1.22339,0.75,0.75
2021-01-03 22:56:14.855,885,1.22349,1.22337,0.75,0.75
2021-01-03 22:56:14.958,886,1.22348,1.22335,0.75,0.75
2021-01-03 22:56:17.596,887,1.22348,1.22328,0.75,0.37
2021-01-03 22:56:36.690,888,1.22349,1.22332,0.75,0.37
2021-01-03 22:56:37.024,889,1.22349,1.22326,0.75,0.42
2021-01-03 22:56:37.075,890,1.22349,1.22326,0.75,0.37
2021-01-03 22:56:46.029,891,1.22346,1.22328,0.75,1.12
2021-01-03 22:56:46.130,892,1.22345,1.22333,0.75,0.37
2021-01-03 22:56:46.355,893,1.22346,1.22329,0.75,0.37
2021-01-03 22:56:48.591,894,1.22343,1.2233,0.75,0.37
2021-01-03 22:56:48.924,895,1.22344,1.22328,0.75,0.75
2021-01-03 22:56:48.975,896,1.22344,1.22326,0.75,1.87
2021-01-03 22:57:01.810,897,1.22344,1.22327,0.75,0.75
2021-01-03 22:57:04.626,898,1.22344,1.22332,0.75,0.75
2021-01-03 22:57:15.456,899,1.22349,1.22332,0.75,1.12
2021-01-03 22:57:15.557,900,1.22348,1.22334,0.75,0.37
2021-01-03 22:57:15.659,901,1.22349,1.22334,0.75,0.75
2021-01-03 22:57:15.860,902,1.22349,1.2233,0.75,0.75
2021-01-03 22:57:42.469,903,1.22349,1.22331,0.75,0.75
2021-01-03 22:57:44.973,904,1.22349,1.22329,0.75,1.12
2021-01-03 22:57:49.594,905,1.22348,1.22329,0.75,0.37
2021-01-03 22:57:59.421,906,1.22349,1.22329,0.75,0.37
2021-01-03 22:58:00.188,907,1.22349,1.22332,0.75,0.75
2021-01-03 22:58:00.289,908,1.22349,1.22335,0.75,0.37
2021-01-03 22:58:00.492,909,1.22349,1.22334,0.75,0.75
2021-01-03 22:58:00.543,910,1.22349,1.22329,0.75,0.37
2021-01-03 22:58:24.649,911,1.22349,1.22328,0.75,1.16
2021-01-03 22:58:44.843,912,1.22349,1.22334,1.12,0.37
2021-01-03 22:58:45.127,913,1.22349,1.22328,1.12,1.16
2021-01-03 22:59:40.122,914,1.22349,1.22329,0.75,0.37
2021-01-03 22:59:47.383,915,1.22334,1.22329,2.25,0.37
2021-01-03 22:59:47.485,916,1.22335,1.22325,0.75,0.24
2021-01-03 22:59:47.536,917,1.22337,1.22326,7.5,1.12
2021-01-03 22:59:47.638,918,1.22349,1.22326,0.37,1.12
2021-01-03 22:59:47.760,919,1.22351,1.22326,1.12,1.12
2021-01-03 22:59:48.429,920,1.22352,1.22326,0.75,1.12
2021-01-03 22:59:50.746,921,1.22352,1.22332,0.75,0.37
2021-01-03 22:59:51.070,922,1.22352,1.22328,0.75,1.5
2021-01-03 22:59:55.857,923,1.2235,1.2233,0.37,0.75
2021-01-03 22:59:58.437,924,1.22354,1.22333,1.87,0.75
2021-01-03 23:00:00.019,925,1.22352,1.22331,0.75,0.75
2021-01-03 23:00:00.121,926,1.22347,1.2233,0.75,1.12
2021-01-03 23:00:00.171,927,1.22347,1.22326,0.75,0.37
2021-01-03 23:00:00.222,928,1.22347,1.22329,0.75,0.37
2021-01-03 23:00:00.324,929,1.22348,1.22342,0.75,0.37
2021-01-03 23:00:00.375,930,1.22363,1.22336,7.87,0.19
2021-01-03 23:00:00.426,931,1.22384,1.22375,9.02,0.19
2021-01-03 23:00:00.527,932,1.22395,1.22388,7.5,0.75
2021-01-03 23:00:00.629,933,1.22395,1.22389,7.5,0.75
2021-01-03 23:00:00.680,934,1.22402,1.22398,0.47,0.75
2021-01-03 23:00:00.731,935,1.22407,1.22398,0.94,0.77
2021-01-03 23:00:00.833,936,1.22408,1.224,1.31,0.75
2021-01-03 23:00:00.883,937,1.2241,1.22406,7.87,1.12
2021-01-03 23:00:00.934,938,1.22424,1.22406,7.5,0.75
2021-01-03 23:00:01.036,939,1.22424,1.22408,7.5,0.37
2021-01-03 23:00:01.137,940,1.22424,1.22411,7.5,0.37
2021-01-03 23:00:01.240,941,1.2243,1.22412,0.75,0.37
2021-01-03 23:00:01.341,942,1.22429,1.22412,0.75,0.37
2021-01-03 23:00:01.392,943,1.22428,1.2241,0.75,0.37
2021-01-03 23:00:02.035,944,1.22429,1.2241,0.75,0.37
2021-01-03 23:00:02.137,945,1.22427,1.22409,0.37,0.37
2021-01-03 23:00:02.642,946,1.22426,1.22406,7.5,0.37
2021-01-03 23:00:02.693,947,1.22426,1.22404,7.5,0.37
2021-01-03 23:00:02.897,948,1.22427,1.22404,0.37,0.37
2021-01-03 23:00:03.234,949,1.22424,1.22403,7.5,0.37
2021-01-03 23:00:03.460,950,1.22427,1.22403,7.87,0.37
2021-01-03 23:00:03.580,951,1.22425,1.22403,0.75,0.37
2021-01-03 23:00:03.631,952,1.22427,1.22403,7.87,0.37
2021-01-03 23:00:03.682,953,1.22427,1.22406,7.5,0.37
2021-01-03 23:00:03.783,954,1.22425,1.22404,0.75,0.37
2021-01-03 23:00:04.907,955,1.22425,1.224,0.75,0.75
2021-01-03 23:00:04.958,956,1.22425,1.22402,0.75,0.37
2021-01-03 23:00:05.702,957,1.22425,1.22401,0.75,0.37
2021-01-03 23:00:05.880,958,1.22425,1.224,0.75,0.37
2021-01-03 23:00:06.089,959,1.22423,1.22401,0.75,0.75
2021-01-03 23:00:06.290,960,1.22419,1.22401,0.37,0.75
2021-01-03 23:00:06.342,961,1.22419,1.22398,0.37,8.25
2021-01-03 23:00:06.546,962,1.2242,1.22398,8.25,8.25
2021-01-03 23:00:06.750,963,1.2242,1.22399,0.75,0.75
2021-01-03 23:00:07.168,964,1.2242,1.22404,0.75,7.5
2021-01-03 23:00:07.219,965,1.22423,1.22404,7.5,7.5
2021-01-03 23:00:07.474,966,1.22414,1.22404,0.37,7.5
2021-01-03 23:00:07.677,967,1.22418,1.22398,7.5,7.5
2021-01-03 23:00:07.931,968,1.22424,1.22399,0.75,0.37
2021-01-03 23:00:08.289,969,1.22423,1.22399,7.5,7.87
2021-01-03 23:00:08.391,970,1.22424,1.22399,7.5,0.37
2021-01-03 23:00:08.673,971,1.2242,1.22399,0.75,1.12
2021-01-03 23:00:08.794,972,1.2242,1.224,0.75,0.37
2021-01-03 23:00:09.618,973,1.2242,1.22399,0.75,0.75
2021-01-03 23:00:10.093,974,1.22419,1.22399,0.75,0.37
2021-01-03 23:00:10.268,975,1.22418,1.22399,0.37,0.37
2021-01-03 23:00:10.369,976,1.22418,1.22398,0.37,0.75
2021-01-03 23:00:10.470,977,1.22419,1.22399,0.75,0.37
2021-01-03 23:00:10.572,978,1.22418,1.22402,7.5,0.37
2021-01-03 23:00:10.673,979,1.22415,1.22402,0.37,0.37
2021-01-03 23:00:10.724,980,1.22415,1.22399,0.37,0.75
2021-01-03 23:00:10.989,981,1.22418,1.22399,8.25,0.37
2021-01-03 23:00:11.294,982,1.22417,1.22399,0.75,7.5
2021-01-03 23:00:11.345,983,1.22417,1.22397,8.25,0.75
2021-01-03 23:00:11.700,984,1.22415,1.22397,7.5,0.75
2021-01-03 23:00:11.751,985,1.22415,1.22395,7.5,0.75
2021-01-03 23:00:11.972,986,1.22416,1.22394,0.75,0.75
2021-01-03 23:00:12.598,987,1.22417,1.22395,0.75,0.75
2021-01-03 23:00:12.779,988,1.22415,1.22394,0.75,0.37
2021-01-03 23:00:12.930,989,1.22416,1.22394,1.69,0.75
2021-01-03 23:00:13.133,990,1.22416,1.22395,0.75,7.5
2021-01-03 23:00:13.235,991,1.22414,1.22395,0.75,7.87
2021-01-03 23:00:13.336,992,1.22414,1.22396,0.75,0.37
2021-01-03 23:00:13.438,993,1.22415,1.22398,7.5,7.87
2021-01-03 23:00:13.539,994,1.22413,1.22398,0.75,7.87
2021-01-03 23:00:13.641,995,1.22414,1.22398,0.37,1.12
2021-01-03 23:00:13.792,996,1.22416,1.22399,0.37,0.37
2021-01-03 23:00:14.096,997,1.22414,1.22399,0.75,8.81
2021-01-03 23:00:14.933,998,1.22409,1.22399,0.75,1.12
2021-01-03 23:00:15.086,999,1.22412,1.22399,0.94,1.12
